{"../res\\assets/archetypes\\BKG.toml": 1746897891.0735433, "../res\\assets/archetypes\\EllipsePair.toml": 1746853691.9653282, "../res\\assets/archetypes\\Jumble.toml": 1746933491.6151304, "../res\\assets/archetypes\\PolygonCrop.toml": 1746893515.8605015, "../res\\assets/archetypes\\SpriteMatch.toml": 1746895685.5507946}