{"../res\\assets/archetypes\\BKG.toml": 1746897891.0735433, "../res\\assets/archetypes\\EllipsePair.toml": 1746853691.9653282, "../res\\assets/archetypes\\Jumble.toml": 1746926741.4821715, "../res\\assets/archetypes\\junk.toml": 1746927352.7804177, "../res\\assets/archetypes\\PolygonCrop.toml": 1746893515.8605015, "../res\\assets/archetypes\\SpriteMatch.toml": 1746895685.5507946}