{"../res\\assets/archetypes\\BKG.toml": 1747179695.6334836, "../res\\assets/archetypes\\EllipsePair.toml": 1753585541.1566043, "../res\\assets/archetypes\\Jumble.toml": 1747104412.657814, "../res\\assets/archetypes\\PolygonCrop.toml": 1747104412.6588137, "../res\\assets/archetypes\\SpriteMatch.toml": 1747104412.6598125}